algoritmo,cenario,io_ops,cpu_ops,repeticao,tempo_io,tempo_cpu
minix_padrao,10,10000,10000000,1,"15,063280","0,000000"
minix_padrao,10,10000,10000000,2,"14,203320","0,000000"
minix_padrao,10,10000,10000000,3,"14,229980","0,000000"
minix_padrao,10,10000,10000000,4,"14,183300","0,000000"
minix_padrao,10,10000,10000000,5,"14,166700","0,000000"
minix_padrao,50,10000,10000000,1,"70,797984","0,003333"
minix_padrao,50,10000,10000000,2,"70,853988","0,003334"
minix_padrao,50,10000,10000000,3,"71,066672","0,002000"
minix_padrao,50,10000,10000000,4,"71,582004","0,003999"
minix_padrao,50,10000,10000000,5,"70,964672","0,003999"
minix_padrao,100,10000,10000000,1,"141,601980","0,005999"
minix_padrao,100,10000,10000000,2,"141,484600","0,006000"
minix_padrao,100,10000,10000000,3,"141,809020","0,006000"
minix_padrao,100,10000,10000000,4,"141,651740","0,005334"
minix_padrao,100,10000,10000000,5,"141,804020","0,006667"
minix_padrao,200,10000,10000000,1,"282,838170","0,014167"
minix_padrao,200,10000,10000000,2,"280,045130","0,013501"
minix_padrao,200,10000,10000000,3,"282,089830","0,014001"
minix_padrao,200,10000,10000000,4,"284,922470","0,013833"
minix_padrao,200,10000,10000000,5,"283,005680","0,013334"
minix_padrao,10,100000,1000000,1,"190,186800","0,000000"
minix_padrao,10,100000,1000000,2,"202,663400","0,000000"
minix_padrao,10,100000,1000000,3,"185,089800","0,000000"
minix_padrao,10,100000,1000000,4,"187,879800","0,000000"
minix_padrao,10,100000,1000000,5,"185,289800","0,000000"
minix_padrao,50,100000,1000000,1,"922,643480","0,005332"
minix_padrao,50,100000,1000000,2,"924,924640","0,006667"
minix_padrao,50,100000,1000000,3,"922,608680","0,008000"
minix_padrao,50,100000,1000000,4,"925,600680","0,005334"
minix_padrao,50,100000,1000000,5,"920,771920","0,006667"
minix_padrao,100,100000,1000000,1,"2.986,571800","0,010332"
minix_padrao,100,100000,1000000,2,"1.355,297000","0,029000"
minix_padrao,100,100000,1000000,3,"1.432,631000","0,011334"
minix_padrao,100,100000,1000000,4,"1.427,181200","0,009666"
minix_padrao,100,100000,1000000,5,"1.430,232800","0,011000"
minix_padrao,200,100000,1000000,1,"2.930,272500","0,015333"
minix_padrao,200,100000,1000000,2,"2.322,975000","0,017668"
minix_padrao,200,100000,1000000,3,"2.170,459020","0,017333"
minix_padrao,200,100000,1000000,4,"2.823,625900","0,017667"
minix_padrao,200,100000,1000000,5,"2.844,115500","0,017168"
minix_padrao,10,10000,1000000,1,"12,933300","0,000000"
minix_padrao,10,10000,1000000,2,"12,920040","0,000000"
minix_padrao,10,10000,1000000,3,"13,496660","0,000000"
minix_padrao,10,10000,1000000,4,"13,356640","0,000000"
minix_padrao,10,10000,1000000,5,"13,496660","0,000000"
minix_padrao,50,10000,1000000,1,"66,239320","0,003332"
minix_padrao,50,10000,1000000,2,"67,430672","0,001333"
minix_padrao,50,10000,1000000,3,"67,204680","0,002667"
minix_padrao,50,10000,1000000,4,"66,823980","0,002001"
minix_padrao,50,10000,1000000,5,"67,142008","0,002666"
minix_padrao,100,10000,1000000,1,"134,165780","0,007999"
minix_padrao,100,10000,1000000,2,"134,797680","0,007666"
minix_padrao,100,10000,1000000,3,"133,443760","0,005666"
minix_padrao,100,10000,1000000,4,"132,632980","0,006666"
minix_padrao,100,10000,1000000,5,"133,059020","0,004665"
minix_padrao,200,10000,1000000,1,"267,187680","0,010667"
minix_padrao,200,10000,1000000,2,"265,575370","0,010167"
minix_padrao,200,10000,1000000,3,"265,927270","0,013334"
minix_padrao,200,10000,1000000,4,"267,223460","0,014333"
minix_padrao,200,10000,1000000,5,"275,273150","0,014167"
fcfs,10,10000,10000000,1,"15,003360","0,000000"
fcfs,10,10000,10000000,2,"25,800000","0,000000"
fcfs,10,10000,10000000,3,"25,450000","0,000000"
fcfs,10,10000,10000000,4,"25,916700","0,000000"
fcfs,10,10000,10000000,5,"22,400000","0,000000"
fcfs,50,10000,10000000,1,"66,727344","0,000000"
fcfs,50,10000,10000000,2,"68,633324","0,000000"
fcfs,50,10000,10000000,3,"72,012016","0,000000"
fcfs,50,10000,10000000,4,"71,157360","0,000000"
fcfs,50,10000,10000000,5,"64,148660","0,000000"
fcfs,100,10000,10000000,1,"119,326612","0,000000"
fcfs,100,10000,10000000,2,"124,686696","0,000000"
fcfs,100,10000,10000000,3,"119,451640","0,000333"
fcfs,100,10000,10000000,4,"111,113320","0,000000"
fcfs,100,10000,10000000,5,"112,906070","0,000000"
fcfs,200,10000,10000000,1,"217,336336","0,000167"
fcfs,200,10000,10000000,2,"203,705962","0,000000"
fcfs,200,10000,10000000,3,"226,872023","0,000000"
fcfs,200,10000,10000000,4,"227,051314","0,000000"
fcfs,200,10000,10000000,5,"224,546813","0,000000"
fcfs,10,100000,1000000,1,"99,706720","0,000000"
fcfs,10,100000,1000000,2,"146,150000","0,000000"
fcfs,10,100000,1000000,3,"146,350000","0,000000"
fcfs,10,100000,1000000,4,"145,733000","0,000000"
fcfs,10,100000,1000000,5,"145,483000","0,000000"
fcfs,50,100000,1000000,1,"441,493320","0,000000"
fcfs,50,100000,1000000,2,"359,947320","0,000000"
fcfs,50,100000,1000000,3,"380,083360","0,000000"
fcfs,50,100000,1000000,4,"374,884680","0,000000"
fcfs,50,100000,1000000,5,"439,925200","0,000000"
fcfs,100,100000,1000000,1,"718,826560","0,000000"
fcfs,100,100000,1000000,2,"672,254020","0,000000"
fcfs,100,100000,1000000,3,"787,157540","0,000000"
fcfs,100,100000,1000000,4,"781,808480","0,000000"
fcfs,100,100000,1000000,5,"689,882520","0,000000"
fcfs,200,100000,1000000,1,"1328,629280","0,000000"
fcfs,200,100000,1000000,2,"1353,113510","0,000000"
fcfs,200,100000,1000000,3,"1489,387140","0,000000"
fcfs,200,100000,1000000,4,"1363,469070","0,000000"
fcfs,200,100000,1000000,5,"1378,254050","0,000167"
fcfs,10,10000,1000000,1,"11,529970","0,000000"
fcfs,10,10000,1000000,2,"13,026720","0,000000"
fcfs,10,10000,1000000,3,"12,966700","0,000000"
fcfs,10,10000,1000000,4,"12,833300","0,000000"
fcfs,10,10000,1000000,5,"12,933300","0,000000"
fcfs,50,10000,1000000,1,"40,101304","0,000000"
fcfs,50,10000,1000000,2,"40,473312","0,000000"
fcfs,50,10000,1000000,3,"40,624660","0,000000"
fcfs,50,10000,1000000,4,"38,556664","0,000000"
fcfs,50,10000,1000000,5,"40,184000","0,000000"
fcfs,100,10000,1000000,1,"72,131360","0,000000"
fcfs,100,10000,1000000,2,"73,300364","0,000000"
fcfs,100,10000,1000000,3,"74,034046","0,000000"
fcfs,100,10000,1000000,4,"72,853694","0,000000"
fcfs,100,10000,1000000,5,"74,322630","0,000000"
fcfs,200,10000,1000000,1,"140,206679","0,000000"
fcfs,200,10000,1000000,2,"138,922990","0,000000"
fcfs,200,10000,1000000,3,"168,107179","0,000000"
fcfs,200,10000,1000000,4,"165,579809","0,000000"
fcfs,200,10000,1000000,5,"166,442998","0,000000"
round_robin,10,10000,10000000,1,"12,110020","0,000000"
round_robin,10,10000,10000000,2,"12,313360","0,000000"
round_robin,10,10000,10000000,3,"11,843320","0,000000"
round_robin,10,10000,10000000,4,"11,820020","0,000000"
round_robin,10,10000,10000000,5,"12,016700","0,000000"
round_robin,50,10000,10000000,1,"59,495988","0,001334"
round_robin,50,10000,10000000,2,"59,700000","0,002667"
round_robin,50,10000,10000000,3,"59,242012","0,002667"
round_robin,50,10000,10000000,4,"60,289344","0,002668"
round_robin,50,10000,10000000,5,"59,732008","0,003334"
round_robin,100,10000,10000000,1,"118,494260","0,004667"
round_robin,100,10000,10000000,2,"119,431760","0,005335"
round_robin,100,10000,10000000,3,"118,661980","0,004999"
round_robin,100,10000,10000000,4,"118,856280","0,005667"
round_robin,100,10000,10000000,5,"119,905420","0,004667"
round_robin,200,10000,10000000,1,"237,523010","0,011167"
round_robin,200,10000,10000000,2,"237,921810","0,010833"
round_robin,200,10000,10000000,3,"239,032670","0,011500"
round_robin,200,10000,10000000,4,"237,334050","0,011333"
round_robin,200,10000,10000000,5,"236,999990","0,012000"
round_robin,10,100000,1000000,1,"117,367000","0,000000"
round_robin,10,100000,1000000,2,"116,726600","0,000000"
round_robin,10,100000,1000000,3,"127,129800","0,000000"
round_robin,10,100000,1000000,4,"130,317000","0,000000"
round_robin,10,100000,1000000,5,"125,133000","0,000000"
round_robin,50,100000,1000000,1,"593,807400","0,003999"
round_robin,50,100000,1000000,2,"583,846680","0,002667"
round_robin,50,100000,1000000,3,"581,892040","0,004000"
round_robin,50,100000,1000000,4,"596,032080","0,003333"
round_robin,50,100000,1000000,5,"601,247360","0,003335"
round_robin,100,100000,1000000,1,"1.173,340000","0,005666"
round_robin,100,100000,1000000,2,"1.176,672800","0,007666"
round_robin,100,100000,1000000,3,"1.161,164200","0,009333"
round_robin,100,100000,1000000,4,"1.154,722200","0,007999"
round_robin,100,100000,1000000,5,"1.155,373000","0,009000"
round_robin,200,100000,1000000,1,"2.324,403100","0,012333"
round_robin,200,100000,1000000,2,"2.328,319800","0,015167"
round_robin,200,100000,1000000,3,"2.393,661200","0,014667"
round_robin,200,100000,1000000,4,"2.330,534700","0,014000"
round_robin,200,100000,1000000,5,"2.319,841100","0,012166"
round_robin,10,10000,1000000,1,"12,283400","0,000000"
round_robin,10,10000,1000000,2,"12,083300","0,000000"
round_robin,10,10000,1000000,3,"12,079980","0,000000"
round_robin,10,10000,1000000,4,"11,810020","0,000000"
round_robin,10,10000,1000000,5,"11,850000","0,000000"
round_robin,50,10000,1000000,1,"59,782664","0,003333"
round_robin,50,10000,1000000,2,"59,648644","0,003334"
round_robin,50,10000,1000000,3,"59,182664","0,002666"
round_robin,50,10000,1000000,4,"59,510668","0,002667"
round_robin,50,10000,1000000,5,"59,264000","0,003332"
round_robin,100,10000,1000000,1,"108,930980","0,005667"
round_robin,100,10000,1000000,2,"120,269660","0,005334"
round_robin,100,10000,1000000,3,"119,237000","0,005001"
round_robin,100,10000,1000000,4,"118,998640","0,005333"
round_robin,100,10000,1000000,5,"118,564100","0,004332"
round_robin,200,10000,1000000,1,"238,465500","0,012167"
round_robin,200,10000,1000000,2,"237,771650","0,011667"
round_robin,200,10000,1000000,3,"237,234020","0,011667"
round_robin,200,10000,1000000,4,"237,014810","0,012501"
round_robin,200,10000,1000000,5,"236,763680","0,011833"
loteria,10,10000,10000000,1,"20,456680","0,000000"
loteria,10,10000,10000000,2,"20,233380","0,000000"
loteria,10,10000,10000000,3,"20,200000","0,000000"
loteria,10,10000,10000000,4,"20,223360","0,000000"
loteria,10,10000,10000000,5,"20,233320","0,000000"
loteria,50,10000,10000000,1,"104,884080","0,001333"
loteria,50,10000,10000000,2,"106,024040","0,008000"
loteria,50,10000,10000000,3,"104,465240","0,000667"
loteria,50,10000,10000000,4,"104,732680","0,003333"
loteria,50,10000,10000000,5,"105,152680","0,001333"
loteria,100,10000,10000000,1,"209,151300","0,008333"
loteria,100,10000,10000000,2,"210,005320","0,015000"
loteria,100,10000,10000000,3,"210,291720","0,010666"
loteria,100,10000,10000000,4,"209,771960","0,006333"
loteria,100,10000,10000000,5,"210,158300","0,007334"
loteria,200,10000,10000000,1,"428,674990","0,020166"
loteria,200,10000,10000000,2,"429,458850","0,014833"
loteria,200,10000,10000000,3,"430,699310","0,018667"
loteria,200,10000,10000000,4,"430,077320","0,018834"
loteria,200,10000,10000000,5,"430,611140","0,022167"
loteria,10,100000,1000000,1,"211,283200","0,000000"
loteria,10,100000,1000000,2,"218,710200","0,000000"
loteria,10,100000,1000000,3,"213,340200","0,000000"
loteria,10,100000,1000000,4,"213,243400","0,000000"
loteria,10,100000,1000000,5,"215,266800","0,000000"
loteria,50,100000,1000000,1,"1092,370400","0,002667"
loteria,50,100000,1000000,2,"1090,810800","0,009334"
loteria,50,100000,1000000,3,"1090,651600","0,004001"
loteria,50,100000,1000000,4,"1090,283200","0,006001"
loteria,50,100000,1000000,5,"1091,111600","0,007334"
loteria,100,100000,1000000,1,"2182,411400","0,008000"
loteria,100,100000,1000000,2,"2189,372000","0,010000"
loteria,100,100000,1000000,3,"2184,011800","0,009666"
loteria,100,100000,1000000,4,"2188,401800","0,013000"
loteria,100,100000,1000000,5,"2193,352800","0,006666"
loteria,200,100000,1000000,1,"3944,304100","0,018500"
loteria,200,100000,1000000,2,"3622,272700","0,018667"
loteria,200,100000,1000000,3,"3878,122300","0,022834"
loteria,200,100000,1000000,4,"3717,320800","0,026833"
loteria,200,100000,1000000,5,"3677,045900","0,025166"
loteria,10,10000,1000000,1,"20,176660","0,006670"
loteria,10,10000,1000000,2,"20,430020","0,000000"
loteria,10,10000,1000000,3,"20,573340","0,000000"
loteria,10,10000,1000000,4,"20,896660","0,000000"
loteria,10,10000,1000000,5,"20,553340","0,000000"
loteria,50,10000,1000000,1,"106,265320","0,003334"
loteria,50,10000,1000000,2,"105,570600","0,006000"
loteria,50,10000,1000000,3,"105,464040","0,000667"
loteria,50,10000,1000000,4,"106,442120","0,003998"
loteria,50,10000,1000000,5,"104,810720","0,004667"
loteria,100,10000,1000000,1,"211,030720","0,007334"
loteria,100,10000,1000000,2,"213,323580","0,007666"
loteria,100,10000,1000000,3,"221,015360","0,007333"
loteria,100,10000,1000000,4,"257,432660","0,009668"
loteria,100,10000,1000000,5,"227,914300","0,007665"
loteria,200,10000,1000000,1,"412,000820","0,024667"
loteria,200,10000,1000000,2,"373,468350","0,015166"
loteria,200,10000,1000000,3,"432,048300","0,013500"
loteria,200,10000,1000000,4,"434,817520","0,017501"
loteria,200,10000,1000000,5,"386,428510","0,015501"